date_hour,ENTITY_DESCRIPTION_SHORT,wait_time_avg,attendance,temp,pressure,humidity,wind_speed,clouds_all,rain_1h,guests_sum,availability,utilization,hour_11,hour_12,hour_13,hour_14,hour_15,hour_16,hour_17,hour_18,hour_19,hour_20,hour_21,hour_22,hour_9,dow_1,dow_2,dow_3,dow_4,dow_5,dow_6,month_2,month_3,month_4,month_5,month_6,month_7,month_8,month_9,month_10,month_11,month_12,covid_1
2022-08-10 09:00:00,Bumper Cars,,43252.15234375,26.47,1022,38,3.84,0,0.0,687.0,1.0,0.6746810598626104,0,0,0,0,0,0,0,0,0,0,0,0,1,0,1,0,0,0,0,0,0,0,0,0,0,0,0,0,0,0,0
2022-08-10 10:00:00,Bumper Cars,,43252.15234375,29.43,1022,37,3.94,0,0.0,687.0,1.0,0.6746810598626104,0,0,0,0,0,0,0,0,0,0,0,0,0,0,1,0,0,0,0,0,0,0,0,0,0,0,0,0,0,0,0
2022-08-10 11:00:00,Bumper Cars,,43252.15234375,30.94,1021,31,4.88,4,0.0,687.0,1.0,0.6746810598626104,1,0,0,0,0,0,0,0,0,0,0,0,0,0,1,0,0,0,0,0,0,0,0,0,0,0,0,0,0,0,0
2022-08-10 12:00:00,Bumper Cars,,43252.15234375,31.47,1021,30,5.14,31,0.0,687.0,1.0,0.6746810598626104,0,1,0,0,0,0,0,0,0,0,0,0,0,0,1,0,0,0,0,0,0,0,0,0,0,0,0,0,0,0,0
2022-08-10 13:00:00,Bumper Cars,,43252.15234375,31.82,1020,30,5.08,35,0.0,687.0,1.0,0.6746810598626104,0,0,1,0,0,0,0,0,0,0,0,0,0,0,1,0,0,0,0,0,0,0,0,0,0,0,0,0,0,0,0
2022-08-10 14:00:00,Bumper Cars,,43252.15234375,32.31,1020,30,5.02,0,0.0,687.0,1.0,0.6746810598626104,0,0,0,1,0,0,0,0,0,0,0,0,0,0,1,0,0,0,0,0,0,0,0,0,0,0,0,0,0,0,0
2022-08-10 15:00:00,Bumper Cars,,43252.15234375,32.42,1019,29,5.01,0,0.0,687.0,1.0,0.6746810598626104,0,0,0,0,1,0,0,0,0,0,0,0,0,0,1,0,0,0,0,0,0,0,0,0,0,0,0,0,0,0,0
2022-08-10 16:00:00,Bumper Cars,,43252.15234375,32.25,1019,29,4.96,0,0.0,687.0,1.0,0.6746810598626104,0,0,0,0,0,1,0,0,0,0,0,0,0,0,1,0,0,0,0,0,0,0,0,0,0,0,0,0,0,0,0
2022-08-10 17:00:00,Bumper Cars,,43252.15234375,31.7,1019,31,4.93,0,0.0,687.0,1.0,0.6746810598626104,0,0,0,0,0,0,1,0,0,0,0,0,0,0,1,0,0,0,0,0,0,0,0,0,0,0,0,0,0,0,0
2022-08-10 18:00:00,Bumper Cars,,43252.15234375,30.48,1019,32,3.86,0,0.0,687.0,1.0,0.6746810598626104,0,0,0,0,0,0,0,1,0,0,0,0,0,0,1,0,0,0,0,0,0,0,0,0,0,0,0,0,0,0,0
2022-08-10 19:00:00,Bumper Cars,,43252.15234375,28.58,1019,39,2.87,0,0.0,687.0,1.0,0.6746810598626104,0,0,0,0,0,0,0,0,1,0,0,0,0,0,1,0,0,0,0,0,0,0,0,0,0,0,0,0,0,0,0
2022-08-10 20:00:00,Bumper Cars,,43252.15234375,25.54,1019,49,2.97,0,0.0,687.0,1.0,0.6746810598626104,0,0,0,0,0,0,0,0,0,1,0,0,0,0,1,0,0,0,0,0,0,0,0,0,0,0,0,0,0,0,0
2022-08-10 21:00:00,Bumper Cars,,43252.15234375,23.26,1019,60,2.9,0,0.0,687.0,1.0,0.6746810598626104,0,0,0,0,0,0,0,0,0,0,1,0,0,0,1,0,0,0,0,0,0,0,0,0,0,0,0,0,0,0,0
2022-08-10 22:00:00,Bumper Cars,,43252.15234375,23.56,1019,44,2.6,0,0.0,687.0,1.0,0.6746810598626104,0,0,0,0,0,0,0,0,0,0,0,1,0,0,1,0,0,0,0,0,0,0,0,0,0,0,0,0,0,0,0
2022-08-11 09:00:00,Bumper Cars,,43415.95703125,28.17,1019,38,4.39,0,0.0,687.0,1.0,0.6746810598626104,0,0,0,0,0,0,0,0,0,0,0,0,1,0,0,1,0,0,0,0,0,0,0,0,0,0,0,0,0,0,0
2022-08-11 10:00:00,Bumper Cars,,43415.95703125,30.15,1019,33,5.0,10,0.0,687.0,1.0,0.6746810598626104,0,0,0,0,0,0,0,0,0,0,0,0,0,0,0,1,0,0,0,0,0,0,0,0,0,0,0,0,0,0,0
2022-08-11 11:00:00,Bumper Cars,,43415.95703125,30.86,1018,30,5.29,0,0.0,687.0,1.0,0.6746810598626104,1,0,0,0,0,0,0,0,0,0,0,0,0,0,0,1,0,0,0,0,0,0,0,0,0,0,0,0,0,0,0
2022-08-11 12:00:00,Bumper Cars,,43415.95703125,31.19,1018,29,5.55,0,0.0,687.0,1.0,0.6746810598626104,0,1,0,0,0,0,0,0,0,0,0,0,0,0,0,1,0,0,0,0,0,0,0,0,0,0,0,0,0,0,0
2022-08-11 13:00:00,Bumper Cars,,43415.95703125,31.7,1018,28,5.66,0,0.0,687.0,1.0,0.6746810598626104,0,0,1,0,0,0,0,0,0,0,0,0,0,0,0,1,0,0,0,0,0,0,0,0,0,0,0,0,0,0,0
2022-08-11 14:00:00,Bumper Cars,,43415.95703125,32.1,1017,29,5.46,0,0.0,687.0,1.0,0.6746810598626104,0,0,0,1,0,0,0,0,0,0,0,0,0,0,0,1,0,0,0,0,0,0,0,0,0,0,0,0,0,0,0
2022-08-11 15:00:00,Bumper Cars,,43415.95703125,32.28,1017,29,5.33,0,0.0,687.0,1.0,0.6746810598626104,0,0,0,0,1,0,0,0,0,0,0,0,0,0,0,1,0,0,0,0,0,0,0,0,0,0,0,0,0,0,0
2022-08-11 16:00:00,Bumper Cars,,43415.95703125,32.12,1016,29,5.09,0,0.0,687.0,1.0,0.6746810598626104,0,0,0,0,0,1,0,0,0,0,0,0,0,0,0,1,0,0,0,0,0,0,0,0,0,0,0,0,0,0,0
2022-08-11 17:00:00,Bumper Cars,,43415.95703125,31.92,1016,28,4.81,0,0.0,687.0,1.0,0.6746810598626104,0,0,0,0,0,0,1,0,0,0,0,0,0,0,0,1,0,0,0,0,0,0,0,0,0,0,0,0,0,0,0
2022-08-11 18:00:00,Bumper Cars,,43415.95703125,30.56,1016,31,3.76,0,0.0,687.0,1.0,0.6746810598626104,0,0,0,0,0,0,0,1,0,0,0,0,0,0,0,1,0,0,0,0,0,0,0,0,0,0,0,0,0,0,0
2022-08-11 19:00:00,Bumper Cars,,43415.95703125,28.29,1016,38,2.68,0,0.0,687.0,1.0,0.6746810598626104,0,0,0,0,0,0,0,0,1,0,0,0,0,0,0,1,0,0,0,0,0,0,0,0,0,0,0,0,0,0,0
2022-08-11 20:00:00,Bumper Cars,,43415.95703125,25.34,1016,49,2.84,0,0.0,687.0,1.0,0.6746810598626104,0,0,0,0,0,0,0,0,0,1,0,0,0,0,0,1,0,0,0,0,0,0,0,0,0,0,0,0,0,0,0
2022-08-11 21:00:00,Bumper Cars,,43415.95703125,24.37,1017,41,2.95,0,0.0,687.0,1.0,0.6746810598626104,0,0,0,0,0,0,0,0,0,0,1,0,0,0,0,1,0,0,0,0,0,0,0,0,0,0,0,0,0,0,0
2022-08-11 22:00:00,Bumper Cars,,43415.95703125,23.24,1017,45,2.42,0,0.0,687.0,1.0,0.6746810598626104,0,0,0,0,0,0,0,0,0,0,0,1,0,0,0,1,0,0,0,0,0,0,0,0,0,0,0,0,0,0,0
2022-08-12 09:00:00,Bumper Cars,,45096.8828125,28.6,1016,35,3.94,0,0.0,687.0,1.0,0.6746810598626104,0,0,0,0,0,0,0,0,0,0,0,0,1,0,0,0,1,0,0,0,0,0,0,0,0,0,0,0,0,0,0
2022-08-12 10:00:00,Bumper Cars,,45096.8828125,30.29,1016,33,4.37,0,0.0,687.0,1.0,0.6746810598626104,0,0,0,0,0,0,0,0,0,0,0,0,0,0,0,0,1,0,0,0,0,0,0,0,0,0,0,0,0,0,0
2022-08-12 11:00:00,Bumper Cars,,45096.8828125,31.83,1015,28,5.06,0,0.0,687.0,1.0,0.6746810598626104,1,0,0,0,0,0,0,0,0,0,0,0,0,0,0,0,1,0,0,0,0,0,0,0,0,0,0,0,0,0,0
2022-08-12 12:00:00,Bumper Cars,,45096.8828125,32.5,1015,28,4.83,0,0.0,687.0,1.0,0.6746810598626104,0,1,0,0,0,0,0,0,0,0,0,0,0,0,0,0,1,0,0,0,0,0,0,0,0,0,0,0,0,0,0
2022-08-12 13:00:00,Bumper Cars,,45096.8828125,33.0,1014,26,4.52,0,0.0,687.0,1.0,0.6746810598626104,0,0,1,0,0,0,0,0,0,0,0,0,0,0,0,0,1,0,0,0,0,0,0,0,0,0,0,0,0,0,0
2022-08-12 14:00:00,Bumper Cars,,45096.8828125,33.38,1014,25,4.2,0,0.0,687.0,1.0,0.6746810598626104,0,0,0,1,0,0,0,0,0,0,0,0,0,0,0,0,1,0,0,0,0,0,0,0,0,0,0,0,0,0,0
2022-08-12 15:00:00,Bumper Cars,,45096.8828125,33.42,1013,20,3.97,0,0.0,687.0,1.0,0.6746810598626104,0,0,0,0,1,0,0,0,0,0,0,0,0,0,0,0,1,0,0,0,0,0,0,0,0,0,0,0,0,0,0
2022-08-12 16:00:00,Bumper Cars,,45096.8828125,33.73,1013,25,3.8,0,0.0,687.0,1.0,0.6746810598626104,0,0,0,0,0,1,0,0,0,0,0,0,0,0,0,0,1,0,0,0,0,0,0,0,0,0,0,0,0,0,0
2022-08-12 17:00:00,Bumper Cars,,45096.8828125,33.08,1012,25,3.54,0,0.0,687.0,1.0,0.6746810598626104,0,0,0,0,0,0,1,0,0,0,0,0,0,0,0,0,1,0,0,0,0,0,0,0,0,0,0,0,0,0,0
2022-08-12 18:00:00,Bumper Cars,,45096.8828125,31.58,1012,29,1.95,0,0.0,687.0,1.0,0.6746810598626104,0,0,0,0,0,0,0,1,0,0,0,0,0,0,0,0,1,0,0,0,0,0,0,0,0,0,0,0,0,0,0
2022-08-12 19:00:00,Bumper Cars,,45096.8828125,28.62,1013,36,2.8,0,0.0,687.0,1.0,0.6746810598626104,0,0,0,0,0,0,0,0,1,0,0,0,0,0,0,0,1,0,0,0,0,0,0,0,0,0,0,0,0,0,0
2022-08-12 20:00:00,Bumper Cars,,45096.8828125,25.77,1013,49,2.63,0,0.0,687.0,1.0,0.6746810598626104,0,0,0,0,0,0,0,0,0,1,0,0,0,0,0,0,1,0,0,0,0,0,0,0,0,0,0,0,0,0,0
2022-08-12 21:00:00,Bumper Cars,,45096.8828125,23.67,1013,56,3.51,0,0.0,687.0,1.0,0.6746810598626104,0,0,0,0,0,0,0,0,0,0,1,0,0,0,0,0,1,0,0,0,0,0,0,0,0,0,0,0,0,0,0
2022-08-12 22:00:00,Bumper Cars,,45096.8828125,22.28,1014,64,3.38,0,0.0,687.0,1.0,0.6746810598626104,0,0,0,0,0,0,0,0,0,0,0,1,0,0,0,0,1,0,0,0,0,0,0,0,0,0,0,0,0,0,0
2022-08-13 09:00:00,Bumper Cars,,53892.859375,28.29,1014,36,4.63,0,0.0,687.0,1.0,0.6746810598626104,0,0,0,0,0,0,0,0,0,0,0,0,1,0,0,0,0,1,0,0,0,0,0,0,0,0,0,0,0,0,0
2022-08-13 10:00:00,Bumper Cars,,53892.859375,29.9,1014,32,4.75,0,0.0,687.0,1.0,0.6746810598626104,0,0,0,0,0,0,0,0,0,0,0,0,0,0,0,0,0,1,0,0,0,0,0,0,0,0,0,0,0,0,0
2022-08-13 11:00:00,Bumper Cars,,53892.859375,30.92,1013,28,4.17,0,0.0,687.0,1.0,0.6746810598626104,1,0,0,0,0,0,0,0,0,0,0,0,0,0,0,0,0,1,0,0,0,0,0,0,0,0,0,0,0,0,0
2022-08-13 12:00:00,Bumper Cars,,53892.859375,31.33,1013,27,3.73,0,0.0,687.0,1.0,0.6746810598626104,0,1,0,0,0,0,0,0,0,0,0,0,0,0,0,0,0,1,0,0,0,0,0,0,0,0,0,0,0,0,0
2022-08-13 13:00:00,Bumper Cars,,53892.859375,32.19,1012,26,3.74,0,0.0,687.0,1.0,0.6746810598626104,0,0,1,0,0,0,0,0,0,0,0,0,0,0,0,0,0,1,0,0,0,0,0,0,0,0,0,0,0,0,0
2022-08-13 14:00:00,Bumper Cars,,53892.859375,32.21,1012,27,3.9,0,0.0,687.0,1.0,0.6746810598626104,0,0,0,1,0,0,0,0,0,0,0,0,0,0,0,0,0,1,0,0,0,0,0,0,0,0,0,0,0,0,0
2022-08-13 15:00:00,Bumper Cars,,53892.859375,32.53,1011,25,3.76,0,0.0,687.0,1.0,0.6746810598626104,0,0,0,0,1,0,0,0,0,0,0,0,0,0,0,0,0,1,0,0,0,0,0,0,0,0,0,0,0,0,0
2022-08-13 16:00:00,Bumper Cars,,53892.859375,32.45,1011,24,3.14,21,0.0,687.0,1.0,0.6746810598626104,0,0,0,0,0,1,0,0,0,0,0,0,0,0,0,0,0,1,0,0,0,0,0,0,0,0,0,0,0,0,0
2022-08-13 17:00:00,Bumper Cars,,53892.859375,31.83,1010,25,2.83,22,0.0,687.0,1.0,0.6746810598626104,0,0,0,0,0,0,1,0,0,0,0,0,0,0,0,0,0,1,0,0,0,0,0,0,0,0,0,0,0,0,0
2022-08-13 18:00:00,Bumper Cars,,53892.859375,30.41,1011,30,1.49,45,0.0,687.0,1.0,0.6746810598626104,0,0,0,0,0,0,0,1,0,0,0,0,0,0,0,0,0,1,0,0,0,0,0,0,0,0,0,0,0,0,0
2022-08-13 19:00:00,Bumper Cars,,53892.859375,27.69,1010,38,2.44,28,0.0,687.0,1.0,0.6746810598626104,0,0,0,0,0,0,0,0,1,0,0,0,0,0,0,0,0,1,0,0,0,0,0,0,0,0,0,0,0,0,0
2022-08-13 20:00:00,Bumper Cars,,53892.859375,24.38,1010,49,3.22,87,0.0,687.0,1.0,0.6746810598626104,0,0,0,0,0,0,0,0,0,1,0,0,0,0,0,0,0,1,0,0,0,0,0,0,0,0,0,0,0,0,0
2022-08-13 21:00:00,Bumper Cars,,53892.859375,22.83,1011,56,3.15,65,0.0,687.0,1.0,0.6746810598626104,0,0,0,0,0,0,0,0,0,0,1,0,0,0,0,0,0,1,0,0,0,0,0,0,0,0,0,0,0,0,0
2022-08-13 22:00:00,Bumper Cars,,53892.859375,21.74,1010,57,2.15,77,0.0,687.0,1.0,0.6746810598626104,0,0,0,0,0,0,0,0,0,0,0,1,0,0,0,0,0,1,0,0,0,0,0,0,0,0,0,0,0,0,0
2022-08-14 09:00:00,Bumper Cars,,45851.296875,25.85,1007,56,5.73,96,0.0,687.0,1.0,0.6746810598626104,0,0,0,0,0,0,0,0,0,0,0,0,1,0,0,0,0,0,1,0,0,0,0,0,0,0,0,0,0,0,0
2022-08-14 10:00:00,Bumper Cars,,45851.296875,27.74,1007,50,5.73,96,0.0,687.0,1.0,0.6746810598626104,0,0,0,0,0,0,0,0,0,0,0,0,0,0,0,0,0,0,1,0,0,0,0,0,0,0,0,0,0,0,0
2022-08-14 11:00:00,Bumper Cars,,45851.296875,28.65,1007,45,7.03,100,0.0,687.0,1.0,0.6746810598626104,1,0,0,0,0,0,0,0,0,0,0,0,0,0,0,0,0,0,1,0,0,0,0,0,0,0,0,0,0,0,0
2022-08-14 12:00:00,Bumper Cars,,45851.296875,27.41,1007,55,7.03,100,0.0,687.0,1.0,0.6746810598626104,0,1,0,0,0,0,0,0,0,0,0,0,0,0,0,0,0,0,1,0,0,0,0,0,0,0,0,0,0,0,0
2022-08-14 13:00:00,Bumper Cars,,45851.296875,24.17,1007,40,7.03,100,0.0,687.0,1.0,0.6746810598626104,0,0,1,0,0,0,0,0,0,0,0,0,0,0,0,0,0,0,1,0,0,0,0,0,0,0,0,0,0,0,0
2022-08-14 14:00:00,Bumper Cars,,45851.296875,22.43,1007,87,3.65,100,0.0,687.0,1.0,0.6746810598626104,0,0,0,1,0,0,0,0,0,0,0,0,0,0,0,0,0,0,1,0,0,0,0,0,0,0,0,0,0,0,0
2022-08-14 15:00:00,Bumper Cars,,45851.296875,22.38,1007,91,3.65,100,0.0,687.0,1.0,0.6746810598626104,0,0,0,0,1,0,0,0,0,0,0,0,0,0,0,0,0,0,1,0,0,0,0,0,0,0,0,0,0,0,0
2022-08-14 16:00:00,Bumper Cars,,45851.296875,23.0,1007,87,3.65,100,0.0,687.0,1.0,0.6746810598626104,0,0,0,0,0,1,0,0,0,0,0,0,0,0,0,0,0,0,1,0,0,0,0,0,0,0,0,0,0,0,0
2022-08-14 17:00:00,Bumper Cars,,45851.296875,24.15,1007,69,5.24,88,0.0,687.0,1.0,0.6746810598626104,0,0,0,0,0,0,1,0,0,0,0,0,0,0,0,0,0,0,1,0,0,0,0,0,0,0,0,0,0,0,0
2022-08-14 18:00:00,Bumper Cars,,45851.296875,22.5,1007,74,5.24,88,0.0,687.0,1.0,0.6746810598626104,0,0,0,0,0,0,0,1,0,0,0,0,0,0,0,0,0,0,1,0,0,0,0,0,0,0,0,0,0,0,0
2022-08-14 19:00:00,Bumper Cars,,45851.296875,19.89,1007,79,5.24,88,0.0,687.0,1.0,0.6746810598626104,0,0,0,0,0,0,0,0,1,0,0,0,0,0,0,0,0,0,1,0,0,0,0,0,0,0,0,0,0,0,0
2022-08-14 20:00:00,Bumper Cars,,45851.296875,18.03,1007,95,2.54,93,0.0,687.0,1.0,0.6746810598626104,0,0,0,0,0,0,0,0,0,1,0,0,0,0,0,0,0,0,1,0,0,0,0,0,0,0,0,0,0,0,0
2022-08-14 21:00:00,Bumper Cars,,45851.296875,17.6,1007,96,2.54,93,0.0,687.0,1.0,0.6746810598626104,0,0,0,0,0,0,0,0,0,0,1,0,0,0,0,0,0,0,1,0,0,0,0,0,0,0,0,0,0,0,0
2022-08-14 22:00:00,Bumper Cars,,45851.296875,17.69,1007,96,2.54,93,0.0,687.0,1.0,0.6746810598626104,0,0,0,0,0,0,0,0,0,0,0,1,0,0,0,0,0,0,1,0,0,0,0,0,0,0,0,0,0,0,0
2022-08-15 09:00:00,Bumper Cars,,44162.3515625,20.28,1006,86,5.37,40,0.0,687.0,1.0,0.6746810598626104,0,0,0,0,0,0,0,0,0,0,0,0,1,0,0,0,0,0,0,0,0,0,0,0,0,0,0,0,0,0,0
2022-08-15 10:00:00,Bumper Cars,,44162.3515625,20.77,1006,87,5.37,40,0.0,687.0,1.0,0.6746810598626104,0,0,0,0,0,0,0,0,0,0,0,0,0,0,0,0,0,0,0,0,0,0,0,0,0,0,0,0,0,0,0
2022-08-15 11:00:00,Bumper Cars,,44162.3515625,21.0,1006,86,2.77,60,0.0,687.0,1.0,0.6746810598626104,1,0,0,0,0,0,0,0,0,0,0,0,0,0,0,0,0,0,0,0,0,0,0,0,0,0,0,0,0,0,0
2022-08-15 12:00:00,Bumper Cars,,44162.3515625,21.45,1006,84,2.77,60,0.0,687.0,1.0,0.6746810598626104,0,1,0,0,0,0,0,0,0,0,0,0,0,0,0,0,0,0,0,0,0,0,0,0,0,0,0,0,0,0,0
2022-08-15 13:00:00,Bumper Cars,,44162.3515625,23.04,1006,85,2.77,60,0.0,687.0,1.0,0.6746810598626104,0,0,1,0,0,0,0,0,0,0,0,0,0,0,0,0,0,0,0,0,0,0,0,0,0,0,0,0,0,0,0
2022-08-15 14:00:00,Bumper Cars,,44162.3515625,23.08,1005,54,3.61,78,0.0,687.0,1.0,0.6746810598626104,0,0,0,1,0,0,0,0,0,0,0,0,0,0,0,0,0,0,0,0,0,0,0,0,0,0,0,0,0,0,0
2022-08-15 15:00:00,Bumper Cars,,44162.3515625,24.84,1005,54,3.61,78,0.0,687.0,1.0,0.6746810598626104,0,0,0,0,1,0,0,0,0,0,0,0,0,0,0,0,0,0,0,0,0,0,0,0,0,0,0,0,0,0,0
2022-08-15 16:00:00,Bumper Cars,,44162.3515625,25.4,1005,54,3.61,78,0.0,687.0,1.0,0.6746810598626104,0,0,0,0,0,1,0,0,0,0,0,0,0,0,0,0,0,0,0,0,0,0,0,0,0,0,0,0,0,0,0
2022-08-15 17:00:00,Bumper Cars,,44162.3515625,25.23,1005,69,2.5,67,0.0,687.0,1.0,0.6746810598626104,0,0,0,0,0,0,1,0,0,0,0,0,0,0,0,0,0,0,0,0,0,0,0,0,0,0,0,0,0,0,0
2022-08-15 18:00:00,Bumper Cars,,44162.3515625,23.88,1005,77,2.5,67,0.0,687.0,1.0,0.6746810598626104,0,0,0,0,0,0,0,1,0,0,0,0,0,0,0,0,0,0,0,0,0,0,0,0,0,0,0,0,0,0,0
2022-08-15 19:00:00,Bumper Cars,,44162.3515625,22.44,1005,81,2.5,67,0.0,687.0,1.0,0.6746810598626104,0,0,0,0,0,0,0,0,1,0,0,0,0,0,0,0,0,0,0,0,0,0,0,0,0,0,0,0,0,0,0
2022-08-15 20:00:00,Bumper Cars,,44162.3515625,20.69,1007,87,3.1,85,0.0,687.0,1.0,0.6746810598626104,0,0,0,0,0,0,0,0,0,1,0,0,0,0,0,0,0,0,0,0,0,0,0,0,0,0,0,0,0,0,0
2022-08-15 21:00:00,Bumper Cars,,44162.3515625,20.03,1007,90,3.1,85,0.0,687.0,1.0,0.6746810598626104,0,0,0,0,0,0,0,0,0,0,1,0,0,0,0,0,0,0,0,0,0,0,0,0,0,0,0,0,0,0,0
2022-08-15 22:00:00,Bumper Cars,,44162.3515625,18.94,1007,93,3.1,85,0.0,687.0,1.0,0.6746810598626104,0,0,0,0,0,0,0,0,0,0,0,1,0,0,0,0,0,0,0,0,0,0,0,0,0,0,0,0,0,0,0
2022-08-16 09:00:00,Bumper Cars,,43612.73046875,22.18,1009,80,2.69,100,0.0,687.0,1.0,0.6746810598626104,0,0,0,0,0,0,0,0,0,0,0,0,1,1,0,0,0,0,0,0,0,0,0,0,0,0,0,0,0,0,0
2022-08-16 10:00:00,Bumper Cars,,43612.73046875,24.15,1009,72,2.69,100,0.0,687.0,1.0,0.6746810598626104,0,0,0,0,0,0,0,0,0,0,0,0,0,1,0,0,0,0,0,0,0,0,0,0,0,0,0,0,0,0,0
2022-08-16 11:00:00,Bumper Cars,,43612.73046875,24.64,1008,68,2.91,100,0.0,687.0,1.0,0.6746810598626104,1,0,0,0,0,0,0,0,0,0,0,0,0,1,0,0,0,0,0,0,0,0,0,0,0,0,0,0,0,0,0
2022-08-16 12:00:00,Bumper Cars,,43612.73046875,25.84,1008,65,2.91,100,0.0,687.0,1.0,0.6746810598626104,0,1,0,0,0,0,0,0,0,0,0,0,0,1,0,0,0,0,0,0,0,0,0,0,0,0,0,0,0,0,0
2022-08-16 13:00:00,Bumper Cars,,43612.73046875,25.92,1008,63,2.91,100,0.0,687.0,1.0,0.6746810598626104,0,0,1,0,0,0,0,0,0,0,0,0,0,1,0,0,0,0,0,0,0,0,0,0,0,0,0,0,0,0,0
2022-08-16 14:00:00,Bumper Cars,,43612.73046875,26.55,1008,60,3.38,100,0.0,687.0,1.0,0.6746810598626104,0,0,0,1,0,0,0,0,0,0,0,0,0,1,0,0,0,0,0,0,0,0,0,0,0,0,0,0,0,0,0
2022-08-16 15:00:00,Bumper Cars,,43612.73046875,27.12,1008,60,3.38,100,0.0,687.0,1.0,0.6746810598626104,0,0,0,0,1,0,0,0,0,0,0,0,0,1,0,0,0,0,0,0,0,0,0,0,0,0,0,0,0,0,0
2022-08-16 16:00:00,Bumper Cars,,43612.73046875,27.23,1008,56,3.38,100,0.0,687.0,1.0,0.6746810598626104,0,0,0,0,0,1,0,0,0,0,0,0,0,1,0,0,0,0,0,0,0,0,0,0,0,0,0,0,0,0,0
2022-08-16 17:00:00,Bumper Cars,,43612.73046875,24.26,1008,60,2.67,100,0.0,687.0,1.0,0.6746810598626104,0,0,0,0,0,0,1,0,0,0,0,0,0,1,0,0,0,0,0,0,0,0,0,0,0,0,0,0,0,0,0
2022-08-16 18:00:00,Bumper Cars,,43612.73046875,18.94,1008,46,2.67,100,0.0,687.0,1.0,0.6746810598626104,0,0,0,0,0,0,0,1,0,0,0,0,0,1,0,0,0,0,0,0,0,0,0,0,0,0,0,0,0,0,0
2022-08-16 19:00:00,Bumper Cars,,43612.73046875,18.89,1008,46,2.67,100,0.0,687.0,1.0,0.6746810598626104,0,0,0,0,0,0,0,0,1,0,0,0,0,1,0,0,0,0,0,0,0,0,0,0,0,0,0,0,0,0,0
2022-08-16 20:00:00,Bumper Cars,,43612.73046875,18.73,1010,75,1.55,100,0.0,687.0,1.0,0.6746810598626104,0,0,0,0,0,0,0,0,0,1,0,0,0,1,0,0,0,0,0,0,0,0,0,0,0,0,0,0,0,0,0
2022-08-16 21:00:00,Bumper Cars,,43612.73046875,18.13,1010,97,1.55,100,0.0,687.0,1.0,0.6746810598626104,0,0,0,0,0,0,0,0,0,0,1,0,0,1,0,0,0,0,0,0,0,0,0,0,0,0,0,0,0,0,0
2022-08-16 22:00:00,Bumper Cars,,43612.73046875,18.2,1010,97,1.55,100,0.0,687.0,1.0,0.6746810598626104,0,0,0,0,0,0,0,0,0,0,0,1,0,1,0,0,0,0,0,0,0,0,0,0,0,0,0,0,0,0,0
2022-08-17 09:00:00,Bumper Cars,,44570.609375,18.74,1011,63,3.5,100,0.0,687.0,1.0,0.6746810598626104,0,0,0,0,0,0,0,0,0,0,0,0,1,0,1,0,0,0,0,0,0,0,0,0,0,0,0,0,0,0,0
2022-08-17 10:00:00,Bumper Cars,,44570.609375,18.8,1011,63,3.5,100,0.0,687.0,1.0,0.6746810598626104,0,0,0,0,0,0,0,0,0,0,0,0,0,0,1,0,0,0,0,0,0,0,0,0,0,0,0,0,0,0,0
2022-08-17 11:00:00,Bumper Cars,,44570.609375,20.5,1010,89,2.88,3,0.0,687.0,1.0,0.6746810598626104,1,0,0,0,0,0,0,0,0,0,0,0,0,0,1,0,0,0,0,0,0,0,0,0,0,0,0,0,0,0,0
2022-08-17 12:00:00,Bumper Cars,,44570.609375,22.78,1010,78,2.88,3,0.0,687.0,1.0,0.6746810598626104,0,1,0,0,0,0,0,0,0,0,0,0,0,0,1,0,0,0,0,0,0,0,0,0,0,0,0,0,0,0,0
2022-08-17 13:00:00,Bumper Cars,,44570.609375,24.95,1010,67,2.88,3,0.0,687.0,1.0,0.6746810598626104,0,0,1,0,0,0,0,0,0,0,0,0,0,0,1,0,0,0,0,0,0,0,0,0,0,0,0,0,0,0,0
2022-08-17 14:00:00,Bumper Cars,,44570.609375,25.81,1010,59,3.04,27,0.0,687.0,1.0,0.6746810598626104,0,0,0,1,0,0,0,0,0,0,0,0,0,0,1,0,0,0,0,0,0,0,0,0,0,0,0,0,0,0,0
2022-08-17 15:00:00,Bumper Cars,,44570.609375,26.09,1010,38,3.04,27,0.0,687.0,1.0,0.6746810598626104,0,0,0,0,1,0,0,0,0,0,0,0,0,0,1,0,0,0,0,0,0,0,0,0,0,0,0,0,0,0,0
2022-08-17 16:00:00,Bumper Cars,,44570.609375,25.38,1010,38,3.04,27,0.0,687.0,1.0,0.6746810598626104,0,0,0,0,0,1,0,0,0,0,0,0,0,0,1,0,0,0,0,0,0,0,0,0,0,0,0,0,0,0,0
2022-08-17 17:00:00,Bumper Cars,,44570.609375,24.09,1010,44,0.82,100,0.0,687.0,1.0,0.6746810598626104,0,0,0,0,0,0,1,0,0,0,0,0,0,0,1,0,0,0,0,0,0,0,0,0,0,0,0,0,0,0,0
2022-08-17 18:00:00,Bumper Cars,,44570.609375,22.23,1010,44,0.82,100,0.0,687.0,1.0,0.6746810598626104,0,0,0,0,0,0,0,1,0,0,0,0,0,0,1,0,0,0,0,0,0,0,0,0,0,0,0,0,0,0,0
2022-08-17 19:00:00,Bumper Cars,,44570.609375,21.54,1010,44,0.82,100,0.0,687.0,1.0,0.6746810598626104,0,0,0,0,0,0,0,0,1,0,0,0,0,0,1,0,0,0,0,0,0,0,0,0,0,0,0,0,0,0,0
2022-08-17 20:00:00,Bumper Cars,,44570.609375,19.63,1013,96,1.76,99,0.0,687.0,1.0,0.6746810598626104,0,0,0,0,0,0,0,0,0,1,0,0,0,0,1,0,0,0,0,0,0,0,0,0,0,0,0,0,0,0,0
2022-08-17 21:00:00,Bumper Cars,,44570.609375,18.83,1013,96,1.76,99,0.0,687.0,1.0,0.6746810598626104,0,0,0,0,0,0,0,0,0,0,1,0,0,0,1,0,0,0,0,0,0,0,0,0,0,0,0,0,0,0,0
2022-08-17 22:00:00,Bumper Cars,,44570.609375,18.07,1013,96,1.76,99,0.0,687.0,1.0,0.6746810598626104,0,0,0,0,0,0,0,0,0,0,0,1,0,0,1,0,0,0,0,0,0,0,0,0,0,0,0,0,0,0,0
2022-08-18 09:00:00,Bumper Cars,,43391.37890625,21.15,1014,49,1.35,97,0.0,687.0,1.0,0.6746810598626104,0,0,0,0,0,0,0,0,0,0,0,0,1,0,0,1,0,0,0,0,0,0,0,0,0,0,0,0,0,0,0
2022-08-18 10:00:00,Bumper Cars,,43391.37890625,23.59,1014,49,1.35,97,0.0,687.0,1.0,0.6746810598626104,0,0,0,0,0,0,0,0,0,0,0,0,0,0,0,1,0,0,0,0,0,0,0,0,0,0,0,0,0,0,0
2022-08-18 11:00:00,Bumper Cars,,43391.37890625,25.55,1013,70,2.46,74,0.0,687.0,1.0,0.6746810598626104,1,0,0,0,0,0,0,0,0,0,0,0,0,0,0,1,0,0,0,0,0,0,0,0,0,0,0,0,0,0,0
2022-08-18 12:00:00,Bumper Cars,,43391.37890625,26.35,1013,55,2.46,74,0.0,687.0,1.0,0.6746810598626104,0,1,0,0,0,0,0,0,0,0,0,0,0,0,0,1,0,0,0,0,0,0,0,0,0,0,0,0,0,0,0
2022-08-18 13:00:00,Bumper Cars,,43391.37890625,27.14,1013,55,2.46,74,0.0,687.0,1.0,0.6746810598626104,0,0,1,0,0,0,0,0,0,0,0,0,0,0,0,1,0,0,0,0,0,0,0,0,0,0,0,0,0,0,0
2022-08-18 14:00:00,Bumper Cars,,43391.37890625,28.2,1012,49,3.52,94,0.0,687.0,1.0,0.6746810598626104,0,0,0,1,0,0,0,0,0,0,0,0,0,0,0,1,0,0,0,0,0,0,0,0,0,0,0,0,0,0,0
2022-08-18 15:00:00,Bumper Cars,,43391.37890625,28.06,1012,53,3.52,94,0.0,687.0,1.0,0.6746810598626104,0,0,0,0,1,0,0,0,0,0,0,0,0,0,0,1,0,0,0,0,0,0,0,0,0,0,0,0,0,0,0
2022-08-18 16:00:00,Bumper Cars,,43391.37890625,27.46,1012,59,3.52,94,0.0,687.0,1.0,0.6746810598626104,0,0,0,0,0,1,0,0,0,0,0,0,0,0,0,1,0,0,0,0,0,0,0,0,0,0,0,0,0,0,0
2022-08-18 17:00:00,Bumper Cars,,43391.37890625,26.81,1013,69,2.77,100,0.0,687.0,1.0,0.6746810598626104,0,0,0,0,0,0,1,0,0,0,0,0,0,0,0,1,0,0,0,0,0,0,0,0,0,0,0,0,0,0,0
2022-08-18 18:00:00,Bumper Cars,,43391.37890625,26.09,1013,66,2.77,100,0.0,687.0,1.0,0.6746810598626104,0,0,0,0,0,0,0,1,0,0,0,0,0,0,0,1,0,0,0,0,0,0,0,0,0,0,0,0,0,0,0
2022-08-18 19:00:00,Bumper Cars,,43391.37890625,24.2,1013,67,2.77,100,0.0,687.0,1.0,0.6746810598626104,0,0,0,0,0,0,0,0,1,0,0,0,0,0,0,1,0,0,0,0,0,0,0,0,0,0,0,0,0,0,0
2022-08-18 20:00:00,Bumper Cars,,43391.37890625,22.67,1015,72,4.2,100,0.0,687.0,1.0,0.6746810598626104,0,0,0,0,0,0,0,0,0,1,0,0,0,0,0,1,0,0,0,0,0,0,0,0,0,0,0,0,0,0,0
2022-08-18 21:00:00,Bumper Cars,,43391.37890625,21.54,1015,79,4.2,100,0.0,687.0,1.0,0.6746810598626104,0,0,0,0,0,0,0,0,0,0,1,0,0,0,0,1,0,0,0,0,0,0,0,0,0,0,0,0,0,0,0
2022-08-18 22:00:00,Bumper Cars,,43391.37890625,20.23,1015,84,4.2,100,0.0,687.0,1.0,0.6746810598626104,0,0,0,0,0,0,0,0,0,0,0,1,0,0,0,1,0,0,0,0,0,0,0,0,0,0,0,0,0,0,0
2022-08-19 09:00:00,Bumper Cars,,44491.6875,19.3,1018,87,3.06,87,0.0,687.0,1.0,0.6746810598626104,0,0,0,0,0,0,0,0,0,0,0,0,1,0,0,0,1,0,0,0,0,0,0,0,0,0,0,0,0,0,0
2022-08-19 10:00:00,Bumper Cars,,44491.6875,20.82,1018,65,3.06,87,0.0,687.0,1.0,0.6746810598626104,0,0,0,0,0,0,0,0,0,0,0,0,0,0,0,0,1,0,0,0,0,0,0,0,0,0,0,0,0,0,0
2022-08-19 11:00:00,Bumper Cars,,44491.6875,21.69,1016,80,4.52,94,0.0,687.0,1.0,0.6746810598626104,1,0,0,0,0,0,0,0,0,0,0,0,0,0,0,0,1,0,0,0,0,0,0,0,0,0,0,0,0,0,0
2022-08-19 12:00:00,Bumper Cars,,44491.6875,23.03,1016,74,4.52,94,0.0,687.0,1.0,0.6746810598626104,0,1,0,0,0,0,0,0,0,0,0,0,0,0,0,0,1,0,0,0,0,0,0,0,0,0,0,0,0,0,0
2022-08-19 13:00:00,Bumper Cars,,44491.6875,23.52,1016,72,4.52,94,0.0,687.0,1.0,0.6746810598626104,0,0,1,0,0,0,0,0,0,0,0,0,0,0,0,0,1,0,0,0,0,0,0,0,0,0,0,0,0,0,0
2022-08-19 14:00:00,Bumper Cars,,44491.6875,23.19,1016,47,6.38,95,0.0,687.0,1.0,0.6746810598626104,0,0,0,1,0,0,0,0,0,0,0,0,0,0,0,0,1,0,0,0,0,0,0,0,0,0,0,0,0,0,0
2022-08-19 15:00:00,Bumper Cars,,44491.6875,24.05,1016,70,6.38,95,0.0,687.0,1.0,0.6746810598626104,0,0,0,0,1,0,0,0,0,0,0,0,0,0,0,0,1,0,0,0,0,0,0,0,0,0,0,0,0,0,0
2022-08-19 16:00:00,Bumper Cars,,44491.6875,23.26,1016,47,6.38,95,0.0,687.0,1.0,0.6746810598626104,0,0,0,0,0,1,0,0,0,0,0,0,0,0,0,0,1,0,0,0,0,0,0,0,0,0,0,0,0,0,0
2022-08-19 17:00:00,Bumper Cars,,44491.6875,23.73,1017,83,6.78,100,0.0,687.0,1.0,0.6746810598626104,0,0,0,0,0,0,1,0,0,0,0,0,0,0,0,0,1,0,0,0,0,0,0,0,0,0,0,0,0,0,0
2022-08-19 18:00:00,Bumper Cars,,44491.6875,22.52,1017,83,6.78,100,0.0,687.0,1.0,0.6746810598626104,0,0,0,0,0,0,0,1,0,0,0,0,0,0,0,0,1,0,0,0,0,0,0,0,0,0,0,0,0,0,0
2022-08-19 19:00:00,Bumper Cars,,44491.6875,20.54,1017,83,6.78,100,0.0,687.0,1.0,0.6746810598626104,0,0,0,0,0,0,0,0,1,0,0,0,0,0,0,0,1,0,0,0,0,0,0,0,0,0,0,0,0,0,0
2022-08-19 20:00:00,Bumper Cars,,44491.6875,19.79,1018,91,1.51,100,0.0,687.0,1.0,0.6746810598626104,0,0,0,0,0,0,0,0,0,1,0,0,0,0,0,0,1,0,0,0,0,0,0,0,0,0,0,0,0,0,0
2022-08-19 21:00:00,Bumper Cars,,44491.6875,19.33,1018,94,1.51,100,0.0,687.0,1.0,0.6746810598626104,0,0,0,0,0,0,0,0,0,0,1,0,0,0,0,0,1,0,0,0,0,0,0,0,0,0,0,0,0,0,0
2022-08-19 22:00:00,Bumper Cars,,44491.6875,18.52,1018,95,1.51,100,0.0,687.0,1.0,0.6746810598626104,0,0,0,0,0,0,0,0,0,0,0,1,0,0,0,0,1,0,0,0,0,0,0,0,0,0,0,0,0,0,0
2022-08-20 09:00:00,Bumper Cars,,53134.203125,19.58,1020,78,2.27,0,0.0,687.0,1.0,0.6746810598626104,0,0,0,0,0,0,0,0,0,0,0,0,1,0,0,0,0,1,0,0,0,0,0,0,0,0,0,0,0,0,0
2022-08-20 10:00:00,Bumper Cars,,53134.203125,20.83,1020,65,2.27,0,0.0,687.0,1.0,0.6746810598626104,0,0,0,0,0,0,0,0,0,0,0,0,0,0,0,0,0,1,0,0,0,0,0,0,0,0,0,0,0,0,0
2022-08-20 11:00:00,Bumper Cars,,53134.203125,21.98,1019,62,3.32,0,0.0,687.0,1.0,0.6746810598626104,1,0,0,0,0,0,0,0,0,0,0,0,0,0,0,0,0,1,0,0,0,0,0,0,0,0,0,0,0,0,0
2022-08-20 12:00:00,Bumper Cars,,53134.203125,23.15,1019,61,3.32,0,0.0,687.0,1.0,0.6746810598626104,0,1,0,0,0,0,0,0,0,0,0,0,0,0,0,0,0,1,0,0,0,0,0,0,0,0,0,0,0,0,0
2022-08-20 13:00:00,Bumper Cars,,53134.203125,24.15,1019,57,3.32,0,0.0,687.0,1.0,0.6746810598626104,0,0,1,0,0,0,0,0,0,0,0,0,0,0,0,0,0,1,0,0,0,0,0,0,0,0,0,0,0,0,0
2022-08-20 14:00:00,Bumper Cars,,53134.203125,24.69,1018,53,3.41,1,0.0,687.0,1.0,0.6746810598626104,0,0,0,1,0,0,0,0,0,0,0,0,0,0,0,0,0,1,0,0,0,0,0,0,0,0,0,0,0,0,0
2022-08-20 15:00:00,Bumper Cars,,53134.203125,25.4,1018,47,3.41,1,0.0,687.0,1.0,0.6746810598626104,0,0,0,0,1,0,0,0,0,0,0,0,0,0,0,0,0,1,0,0,0,0,0,0,0,0,0,0,0,0,0
2022-08-20 16:00:00,Bumper Cars,,53134.203125,25.16,1018,48,3.41,1,0.0,687.0,1.0,0.6746810598626104,0,0,0,0,0,1,0,0,0,0,0,0,0,0,0,0,0,1,0,0,0,0,0,0,0,0,0,0,0,0,0
2022-08-20 17:00:00,Bumper Cars,,53134.203125,25.01,1018,48,2.17,100,0.0,687.0,1.0,0.6746810598626104,0,0,0,0,0,0,1,0,0,0,0,0,0,0,0,0,0,1,0,0,0,0,0,0,0,0,0,0,0,0,0
2022-08-20 18:00:00,Bumper Cars,,53134.203125,23.75,1018,56,2.17,100,0.0,687.0,1.0,0.6746810598626104,0,0,0,0,0,0,0,1,0,0,0,0,0,0,0,0,0,1,0,0,0,0,0,0,0,0,0,0,0,0,0
2022-08-20 19:00:00,Bumper Cars,,53134.203125,21.16,1018,64,2.17,100,0.0,687.0,1.0,0.6746810598626104,0,0,0,0,0,0,0,0,1,0,0,0,0,0,0,0,0,1,0,0,0,0,0,0,0,0,0,0,0,0,0
2022-08-20 20:00:00,Bumper Cars,,53134.203125,19.54,1019,75,1.47,56,0.0,687.0,1.0,0.6746810598626104,0,0,0,0,0,0,0,0,0,1,0,0,0,0,0,0,0,1,0,0,0,0,0,0,0,0,0,0,0,0,0
2022-08-20 21:00:00,Bumper Cars,,53134.203125,18.18,1019,81,1.47,56,0.0,687.0,1.0,0.6746810598626104,0,0,0,0,0,0,0,0,0,0,1,0,0,0,0,0,0,1,0,0,0,0,0,0,0,0,0,0,0,0,0
2022-08-20 22:00:00,Bumper Cars,,53134.203125,16.51,1019,87,1.47,56,0.0,687.0,1.0,0.6746810598626104,0,0,0,0,0,0,0,0,0,0,0,1,0,0,0,0,0,1,0,0,0,0,0,0,0,0,0,0,0,0,0
2022-08-21 09:00:00,Bumper Cars,,45293.15234375,22.16,1017,58,1.64,99,0.0,687.0,1.0,0.6746810598626104,0,0,0,0,0,0,0,0,0,0,0,0,1,0,0,0,0,0,1,0,0,0,0,0,0,0,0,0,0,0,0
2022-08-21 10:00:00,Bumper Cars,,45293.15234375,23.78,1017,51,1.64,99,0.0,687.0,1.0,0.6746810598626104,0,0,0,0,0,0,0,0,0,0,0,0,0,0,0,0,0,0,1,0,0,0,0,0,0,0,0,0,0,0,0
2022-08-21 11:00:00,Bumper Cars,,45293.15234375,23.92,1016,31,2.88,100,0.0,687.0,1.0,0.6746810598626104,1,0,0,0,0,0,0,0,0,0,0,0,0,0,0,0,0,0,1,0,0,0,0,0,0,0,0,0,0,0,0
2022-08-21 12:00:00,Bumper Cars,,45293.15234375,25.08,1016,53,2.88,100,0.0,687.0,1.0,0.6746810598626104,0,1,0,0,0,0,0,0,0,0,0,0,0,0,0,0,0,0,1,0,0,0,0,0,0,0,0,0,0,0,0
2022-08-21 13:00:00,Bumper Cars,,45293.15234375,25.83,1016,54,2.88,100,0.0,687.0,1.0,0.6746810598626104,0,0,1,0,0,0,0,0,0,0,0,0,0,0,0,0,0,0,1,0,0,0,0,0,0,0,0,0,0,0,0
2022-08-21 14:00:00,Bumper Cars,,45293.15234375,26.39,1015,53,2.6,96,0.0,687.0,1.0,0.6746810598626104,0,0,0,1,0,0,0,0,0,0,0,0,0,0,0,0,0,0,1,0,0,0,0,0,0,0,0,0,0,0,0
2022-08-21 15:00:00,Bumper Cars,,45293.15234375,26.47,1015,53,2.6,96,0.0,687.0,1.0,0.6746810598626104,0,0,0,0,1,0,0,0,0,0,0,0,0,0,0,0,0,0,1,0,0,0,0,0,0,0,0,0,0,0,0
2022-08-21 16:00:00,Bumper Cars,,45293.15234375,25.87,1015,54,2.6,96,0.0,687.0,1.0,0.6746810598626104,0,0,0,0,0,1,0,0,0,0,0,0,0,0,0,0,0,0,1,0,0,0,0,0,0,0,0,0,0,0,0
2022-08-21 17:00:00,Bumper Cars,,45293.15234375,25.2,1015,53,3.22,14,0.0,687.0,1.0,0.6746810598626104,0,0,0,0,0,0,1,0,0,0,0,0,0,0,0,0,0,0,1,0,0,0,0,0,0,0,0,0,0,0,0
2022-08-21 18:00:00,Bumper Cars,,45293.15234375,24.04,1015,58,3.22,14,0.0,687.0,1.0,0.6746810598626104,0,0,0,0,0,0,0,1,0,0,0,0,0,0,0,0,0,0,1,0,0,0,0,0,0,0,0,0,0,0,0
2022-08-21 19:00:00,Bumper Cars,,45293.15234375,22.41,1015,65,3.22,14,0.0,687.0,1.0,0.6746810598626104,0,0,0,0,0,0,0,0,1,0,0,0,0,0,0,0,0,0,1,0,0,0,0,0,0,0,0,0,0,0,0
2022-08-21 20:00:00,Bumper Cars,,45293.15234375,20.98,1015,67,2.74,66,0.0,687.0,1.0,0.6746810598626104,0,0,0,0,0,0,0,0,0,1,0,0,0,0,0,0,0,0,1,0,0,0,0,0,0,0,0,0,0,0,0
2022-08-21 21:00:00,Bumper Cars,,45293.15234375,20.41,1015,73,2.74,66,0.0,687.0,1.0,0.6746810598626104,0,0,0,0,0,0,0,0,0,0,1,0,0,0,0,0,0,0,1,0,0,0,0,0,0,0,0,0,0,0,0
2022-08-21 22:00:00,Bumper Cars,,45293.15234375,19.94,1015,71,2.74,66,0.0,687.0,1.0,0.6746810598626104,0,0,0,0,0,0,0,0,0,0,0,1,0,0,0,0,0,0,1,0,0,0,0,0,0,0,0,0,0,0,0
2022-08-22 09:00:00,Bumper Cars,,42872.21875,21.4,1015,71,2.51,100,0.0,687.0,1.0,0.6746810598626104,0,0,0,0,0,0,0,0,0,0,0,0,1,0,0,0,0,0,0,0,0,0,0,0,0,0,0,0,0,0,0
2022-08-22 10:00:00,Bumper Cars,,42872.21875,23.08,1015,64,2.51,100,0.0,687.0,1.0,0.6746810598626104,0,0,0,0,0,0,0,0,0,0,0,0,0,0,0,0,0,0,0,0,0,0,0,0,0,0,0,0,0,0,0
2022-08-22 11:00:00,Bumper Cars,,42872.21875,24.55,1014,59,3.14,17,0.0,687.0,1.0,0.6746810598626104,1,0,0,0,0,0,0,0,0,0,0,0,0,0,0,0,0,0,0,0,0,0,0,0,0,0,0,0,0,0,0
2022-08-22 12:00:00,Bumper Cars,,42872.21875,24.72,1014,62,3.14,17,0.0,687.0,1.0,0.6746810598626104,0,1,0,0,0,0,0,0,0,0,0,0,0,0,0,0,0,0,0,0,0,0,0,0,0,0,0,0,0,0,0
2022-08-22 13:00:00,Bumper Cars,,42872.21875,24.86,1014,64,3.14,17,0.0,687.0,1.0,0.6746810598626104,0,0,1,0,0,0,0,0,0,0,0,0,0,0,0,0,0,0,0,0,0,0,0,0,0,0,0,0,0,0,0
2022-08-22 14:00:00,Bumper Cars,,42872.21875,25.08,1013,46,3.72,69,0.0,687.0,1.0,0.6746810598626104,0,0,0,1,0,0,0,0,0,0,0,0,0,0,0,0,0,0,0,0,0,0,0,0,0,0,0,0,0,0,0
2022-08-22 15:00:00,Bumper Cars,,42872.21875,25.33,1013,62,3.72,69,0.0,687.0,1.0,0.6746810598626104,0,0,0,0,1,0,0,0,0,0,0,0,0,0,0,0,0,0,0,0,0,0,0,0,0,0,0,0,0,0,0
2022-08-22 16:00:00,Bumper Cars,,42872.21875,24.52,1013,66,3.72,69,0.0,687.0,1.0,0.6746810598626104,0,0,0,0,0,1,0,0,0,0,0,0,0,0,0,0,0,0,0,0,0,0,0,0,0,0,0,0,0,0,0
2022-08-22 17:00:00,Bumper Cars,,42872.21875,24.49,1014,67,1.61,100,0.0,687.0,1.0,0.6746810598626104,0,0,0,0,0,0,1,0,0,0,0,0,0,0,0,0,0,0,0,0,0,0,0,0,0,0,0,0,0,0,0
2022-08-22 18:00:00,Bumper Cars,,42872.21875,24.16,1014,67,1.61,100,0.0,687.0,1.0,0.6746810598626104,0,0,0,0,0,0,0,1,0,0,0,0,0,0,0,0,0,0,0,0,0,0,0,0,0,0,0,0,0,0,0
2022-08-22 19:00:00,Bumper Cars,,42872.21875,22.47,1014,72,1.61,100,0.0,687.0,1.0,0.6746810598626104,0,0,0,0,0,0,0,0,1,0,0,0,0,0,0,0,0,0,0,0,0,0,0,0,0,0,0,0,0,0,0
2022-08-22 20:00:00,Bumper Cars,,42872.21875,21.27,1015,81,1.27,100,0.0,687.0,1.0,0.6746810598626104,0,0,0,0,0,0,0,0,0,1,0,0,0,0,0,0,0,0,0,0,0,0,0,0,0,0,0,0,0,0,0
2022-08-22 21:00:00,Bumper Cars,,42872.21875,20.99,1015,66,1.27,100,0.0,687.0,1.0,0.6746810598626104,0,0,0,0,0,0,0,0,0,0,1,0,0,0,0,0,0,0,0,0,0,0,0,0,0,0,0,0,0,0,0
2022-08-22 22:00:00,Bumper Cars,,42872.21875,20.49,1015,66,1.27,100,0.0,687.0,1.0,0.6746810598626104,0,0,0,0,0,0,0,0,0,0,0,1,0,0,0,0,0,0,0,0,0,0,0,0,0,0,0,0,0,0,0
2022-08-23 09:00:00,Bumper Cars,,44176.41015625,23.72,1017,72,1.05,71,0.0,687.0,1.0,0.6746810598626104,0,0,0,0,0,0,0,0,0,0,0,0,1,1,0,0,0,0,0,0,0,0,0,0,0,0,0,0,0,0,0
2022-08-23 10:00:00,Bumper Cars,,44176.41015625,25.04,1017,68,1.05,71,0.0,687.0,1.0,0.6746810598626104,0,0,0,0,0,0,0,0,0,0,0,0,0,1,0,0,0,0,0,0,0,0,0,0,0,0,0,0,0,0,0
2022-08-23 11:00:00,Bumper Cars,,44176.41015625,26.55,1016,65,1.82,100,0.0,687.0,1.0,0.6746810598626104,1,0,0,0,0,0,0,0,0,0,0,0,0,1,0,0,0,0,0,0,0,0,0,0,0,0,0,0,0,0,0
2022-08-23 12:00:00,Bumper Cars,,44176.41015625,27.61,1016,59,1.82,100,0.0,687.0,1.0,0.6746810598626104,0,1,0,0,0,0,0,0,0,0,0,0,0,1,0,0,0,0,0,0,0,0,0,0,0,0,0,0,0,0,0
2022-08-23 13:00:00,Bumper Cars,,44176.41015625,28.14,1016,56,1.82,100,0.0,687.0,1.0,0.6746810598626104,0,0,1,0,0,0,0,0,0,0,0,0,0,1,0,0,0,0,0,0,0,0,0,0,0,0,0,0,0,0,0
2022-08-23 14:00:00,Bumper Cars,,44176.41015625,28.51,1015,53,4.1,99,0.0,687.0,1.0,0.6746810598626104,0,0,0,1,0,0,0,0,0,0,0,0,0,1,0,0,0,0,0,0,0,0,0,0,0,0,0,0,0,0,0
2022-08-23 15:00:00,Bumper Cars,,44176.41015625,28.63,1015,49,4.1,99,0.0,687.0,1.0,0.6746810598626104,0,0,0,0,1,0,0,0,0,0,0,0,0,1,0,0,0,0,0,0,0,0,0,0,0,0,0,0,0,0,0
2022-08-23 16:00:00,Bumper Cars,,44176.41015625,28.36,1015,51,4.1,99,0.0,687.0,1.0,0.6746810598626104,0,0,0,0,0,1,0,0,0,0,0,0,0,1,0,0,0,0,0,0,0,0,0,0,0,0,0,0,0,0,0
2022-08-23 17:00:00,Bumper Cars,,44176.41015625,27.4,1016,54,1.34,100,0.0,687.0,1.0,0.6746810598626104,0,0,0,0,0,0,1,0,0,0,0,0,0,1,0,0,0,0,0,0,0,0,0,0,0,0,0,0,0,0,0
2022-08-23 18:00:00,Bumper Cars,,44176.41015625,26.89,1016,60,1.34,100,0.0,687.0,1.0,0.6746810598626104,0,0,0,0,0,0,0,1,0,0,0,0,0,1,0,0,0,0,0,0,0,0,0,0,0,0,0,0,0,0,0
2022-08-23 19:00:00,Bumper Cars,,44176.41015625,24.89,1016,67,1.34,100,0.0,687.0,1.0,0.6746810598626104,0,0,0,0,0,0,0,0,1,0,0,0,0,1,0,0,0,0,0,0,0,0,0,0,0,0,0,0,0,0,0
2022-08-23 20:00:00,Bumper Cars,,44176.41015625,23.06,1017,74,0.7,100,0.0,687.0,1.0,0.6746810598626104,0,0,0,0,0,0,0,0,0,1,0,0,0,1,0,0,0,0,0,0,0,0,0,0,0,0,0,0,0,0,0
2022-08-23 21:00:00,Bumper Cars,,44176.41015625,21.83,1017,81,0.7,100,0.0,687.0,1.0,0.6746810598626104,0,0,0,0,0,0,0,0,0,0,1,0,0,1,0,0,0,0,0,0,0,0,0,0,0,0,0,0,0,0,0
2022-08-23 22:00:00,Bumper Cars,,44176.41015625,21.08,1017,85,0.7,100,0.0,687.0,1.0,0.6746810598626104,0,0,0,0,0,0,0,0,0,0,0,1,0,1,0,0,0,0,0,0,0,0,0,0,0,0,0,0,0,0,0
